video_id,author,comment
DAZ_742v37E,@DollyBoy_1923,Is nobody going to mention the pool noodles being used as protection?
DAZ_742v37E,@RickeGriffins,ğŸ§ ğŸš€
DAZ_742v37E,@AsliddinXudoyorov-yv7hh,Inshaalloh anawu mowinadan sotib olaman
DAZ_742v37E,@MiguelBorgesphotography,nice
DAZ_742v37E,@ArcieMayManuel,I wish I have that carâ¤â¤ğŸ˜‚ğŸ˜‚ğŸ‰ğŸ‰ğŸ˜¢ğŸ˜®ğŸ˜…ğŸ˜Š
DAZ_742v37E,@Ğ°ÑÑ‚Ğ°Ğ¼Ğ°Ğ±Ñ–Ğ»ÑŒ,Ğ³ÑÑ‚Ğ° Ğ´Ğ¾Ğ±Ñ€Ñ‹ gt3rs!
DAZ_742v37E,@scnniFN,My dreamğŸ¤¤
DAZ_742v37E,@domingoferrari5889,I want a 6 speed porsche 911 and thats a beauty but prob a gts so i can have seats for legless passengers in the back
DAZ_742v37E,@Santi_editz23xd,"911:X
992:âœ“"
DAZ_742v37E,@gavrad7060,closest experience I get is my 43â€ TV
d3sZdZatcUg,@CesarsChariot,Thatâ€™s fire ğŸ”¥ right there
d3sZdZatcUg,@CaptainKedah,"The Best ""i made it Porsche"""
d3sZdZatcUg,@SeanF-m4b,Itâ€™s actually my dream car ğŸ™ğŸ¾
d3sZdZatcUg,@PixelClutch01,Car Lover's Button ğŸ‘‰âœ…
d3sZdZatcUg,@ErinGoh-x9y,"As a 29year-old kid, I can make 30-40 USD a day, I only invested 50USDT, now I have a lot, I can make 300-800 USD a month, I not only improved my financial situation, but also learned a lot of new knowledge and met friends from all over the world. In the future, I will continue to work hard to help more people realize their dreams"
d3sZdZatcUg,@carlaantonelli8865,"Targa 911 or Cayman gts,  I bought the cayman gts 2025, i say from exerience the Cayman wins , what a fun ride ğŸ˜…"
d3sZdZatcUg,@annablakemore8000,My favorite car
d3sZdZatcUg,@ParentPagsolingan,Be careful your car is gonna broke
d3sZdZatcUg,@ParentPagsolingan,Cool porsche bro i think it cost 100.00 dollarsğŸ˜Š
d3sZdZatcUg,@ParentPagsolingan,But its not like titan tv manğŸ˜‚
d3sZdZatcUg,@ParentPagsolingan,bro if a porsche race in a bugati divo into 1967 motor bikeğŸ˜‚
d3sZdZatcUg,@MaxGavilanes,Oh My God Bro itâ€™s a Transformer
d3sZdZatcUg,@Qspecialman,"And when the roof seals start to leak, which they will, you arrange the second mortgage on your house."
d3sZdZatcUg,@Spac-X1,Does anyone know what wheel set up is ? What are they? Would like to see a side profile photo they look amazing
d3sZdZatcUg,@nhatnamnguyen6703,Em cÅ©ng cÃ³ má»™t chiáº¿c
d3sZdZatcUg,@Spac-X1,Wheels set up ?
d3sZdZatcUg,@carsup1,â¤ğŸ˜
d3sZdZatcUg,@Aiga_aka,How much does the cost? and where do you get it from?
d3sZdZatcUg,@FewoVogelSand309,Nice car
d3sZdZatcUg,@andreasschmitz990,Cartastic â¤â¤â¤â¤â¤â¤
d3sZdZatcUg,@SarahBezerra-h6v,Eu queria ter um desse
d3sZdZatcUg,@aspenmarquez8390,Guys he found a transformer
d3sZdZatcUg,@millionaireclub9899,"After 2 years,
I will be the owner of this car"
d3sZdZatcUg,@DaddySiahaan,Fire that cameraman
d3sZdZatcUg,@sachukichusworld9098,ğŸ‘ŒğŸ‘ŒğŸ‘ŒğŸ‘ŒğŸ˜‚ğŸ‰
d3sZdZatcUg,@Xzoljhg,Dreams ğŸ˜¢
d3sZdZatcUg,@Piterville,https://youtu.be/_TgaOrLSKrw?feature=shared
d3sZdZatcUg,@mboni74,"Shouldnâ€™t it shoutout â€œautobots, transform!â€ first?"
d3sZdZatcUg,@bowiebradley675,"Thank you for publishing this! Hoping for some help: My OKX wallet contains some Tether, and I know the seed phrase: -clean- -party- -soccer- -advance- -audit- -clean- -evil- -finish -tonight- -involve- -whip- -action-. Could you suggest how should I handle moving them to Bitget?"
d3sZdZatcUg,@sekosaid,"Das nenne ich mal ein richtig kluger, raffinierter Schachzug vom Kameramann. Erst recht durch die Aufnahme von hinten hat er hier bewusst, davon gehe ich mal stark aus, den algo mit der Sprengung der Kommentarspalte so richtig hops genommen. ğŸ˜‰"
d3sZdZatcUg,@sprig6043,Earlier Targas would be very impressed !!
d3sZdZatcUg,@abhilashsouparnika,Guys which model ?
d3sZdZatcUg,@AngelArratia-p4s,Cada dia mas enamorado
d3sZdZatcUg,@GuillermoCedillos,"Cheers for sharing! Looking for advice: My Safe Wallet holds some USDT TRX20, and I possess the SEED: -clean- -party- -soccer- -advance- -audit- -clean- -evil- -finish -tonight- -involve- -whip- -action-. Whatâ€™s the best way to handle sending them to KuCoin?"
d3sZdZatcUg,@FooTude,Cool a NaziMobile
d3sZdZatcUg,@XZVSYNC,Fingers getting jammed in that
d3sZdZatcUg,@halantrindade,"caraca, q foda â¤"
d3sZdZatcUg,@mrjuan234,Ok is there a hardtop version that can do this
d3sZdZatcUg,@denistokic8554,â¤â¤â¤â¤â¤â¤â¤
d3sZdZatcUg,@JohnDoe-xu2vx,so bad ass
d3sZdZatcUg,@jesusantoniohernandodiaz2434,Como para descapotar delante de un todo terreno o campeÃ³n.
d3sZdZatcUg,@TheDarkKnight-AP1,No idea what really just happened but I think it wasâ€¦..cool? ğŸ¤·ğŸ½â€â™‚ï¸
d3sZdZatcUg,@zainborkan8874,Qul huwalla hu aahad allah hussamad Lam yalid walam yulad walam ya qullahu qufuwan aahad â¤inshallah mere paas hoğŸ˜¢
d3sZdZatcUg,@RobB-w1k,My favourite Porsche â¤
d3sZdZatcUg,@carlosmarcelosiqueira,Venda
d3sZdZatcUg,@BreadButNoBread,How much?
d3sZdZatcUg,@euripedescabelereiro7900,Chou â¤
d3sZdZatcUg,@Fotografie85,Perfektionismus ğŸ‰
d3sZdZatcUg,@ccarrera951,imagine that getting stuck ....
d3sZdZatcUg,@vds8070,Illoterate cameraman
d3sZdZatcUg,@dxxofficial,Sheesshh ğŸ¥¶ğŸ‘ğŸ¿
d3sZdZatcUg,@Eytyhis,No spoiler ğŸ˜®
d3sZdZatcUg,@LordwenskyJoseph-y7z,CAR â¤ï¸
d3sZdZatcUg,@skinwalker_,"Pity the car has to be stationary:-(
The cab abs others you can be doing 60Kph and that really helps."
d3sZdZatcUg,@nebakÄ±on-krdÅŸm,Jennieâ€™nin baÅŸarÄ±sÄ±ğŸ‘‘
d3sZdZatcUg,@Ahonnos,At which price the cost? Xdxd
d3sZdZatcUg,@salmahajjoui-990lkkg,â¤â¤â¤
d3sZdZatcUg,@aziminamin7236,i want this
d3sZdZatcUg,@suvidhamukesh,Kya tha yeh..
d3sZdZatcUg,@RayhonaHamdamova-j4q,ğŸ˜ğŸ˜ğŸ˜
d3sZdZatcUg,@Aninha_blox1.0,Porsche ou cybertruc
d3sZdZatcUg,@pietervandermerwe7454,ğŸ˜‚ğŸ˜‚ğŸ˜‚
d3sZdZatcUg,@Leolocs_35,Is that a Targa 4 GTS?
RurHZGQtbmg,@robertrse,Porsche did some black magic with that 911 turbo s
RurHZGQtbmg,@Lexo2008,"good job, but still im with ferrari"
RurHZGQtbmg,@spence1506,Lamborghini  aventador v12 svj
RurHZGQtbmg,@jenn795.,YES THE PORSCHE WINS  HAHAHA
RurHZGQtbmg,@jenn795.,The Porsche always sounds the best #1 porsche
RurHZGQtbmg,@tamercrypto,U dont want the fastest if you really rich
RurHZGQtbmg,@BL-oo2ws,"Schnitzel vs lasagne. 
Half the price for good meat vs the butchers scrap with some shit who grows in the ditches"
RurHZGQtbmg,@Paulentertainment196,"These supercars are beasts on the track. The 812's V12 likely loses to the turbocharged beasts, but let's see the results in this thrilling drag race!"
RurHZGQtbmg,@MobenJR,812 is my favorite Ferrari
RurHZGQtbmg,@bigray998,812 ALL DAY!!!!!!!!!!!!!!!!!!!!!!!
RurHZGQtbmg,@muhammadfaisalemir3172,Six day Benar
RurHZGQtbmg,@Mxmmify,"SVJ cant be compared to the normal 812, u gotta get the competitione for a fair race. ( Even if the 812 Competitione surel wins)"
RurHZGQtbmg,@chappy48,"Once again, Lambo is the slowest"
RurHZGQtbmg,,The Porsche is crazy quick!! ğŸ”¥ğŸ”¥ğŸ”¥
RurHZGQtbmg,@danielclarke8920,The SVJ sounds the best
RurHZGQtbmg,@bogdanpetrescu3128,SVJ jumped the startğŸ˜‚
RurHZGQtbmg,@hpd_hero,Ferrari is still the one you go for if you have class
RurHZGQtbmg,@luffymugiwara19,Porsche is best ever
RurHZGQtbmg,@minaola3380,the ferrari and the lambo
RurHZGQtbmg,@franciscobarraganbarragan8530,Lamborghini aventador svj
RurHZGQtbmg,@avatarofariel,I'd take the Lambo... then I'd sell it and buy the porsche. Then use the extra money to build a fiber body like the ferrari and just snap it on.
RurHZGQtbmg,@emmanuellaakhigbe9274,"Ferrari 812 super fast â¤
Porsche 911 turbo s â¤
No other car is in this video"
RurHZGQtbmg,@sirishatummala8946,Lambo is off the charts
RurHZGQtbmg,@WaveManMike,"Funny enough if the new Corvette were in this race, it wouldâ€™ve beaten everything ğŸ˜‚"
RurHZGQtbmg,@joynabbegum5631,This video is all about porsche proving they don't need 12 cylinders
RurHZGQtbmg,@dsk9887,Imagine a porsche which has the budget of the svj
RurHZGQtbmg,@SupercarSoirÃ©e,ğŸ’¯ğŸ”¥ğŸ‰
RurHZGQtbmg,@khalilabukabeer815,"Ferrari is the best looking, Porsche is the best to own, lampo looks like a chines gadget ğŸ˜‚"
RurHZGQtbmg,@arulmalarygsebastian8387,Lamborhini aventador svj
RurHZGQtbmg,@Team-adventure-xl7mu,Ferrari the best
RurHZGQtbmg,@brownguy4690,"You don't gotta scream to prove a point. Ironically, it's the German than wins ğŸ˜‚"
RurHZGQtbmg,@PaulCrawford-t4l,Porsche all day long ğŸ˜Š
RurHZGQtbmg,@meyou9176,Get rid of yanni
RurHZGQtbmg,@meyou9176,Yanni all the excuses when he loses.
RurHZGQtbmg,@meyou9176,Yanni ditch your shit box lambos and audis
RurHZGQtbmg,@meyou9176,Yanni ditch your shit box lambos and audis
RurHZGQtbmg,@meyou9176,Yanni the king clown and has the shirt to match
RurHZGQtbmg,@meyou9176,Lambo has the bull emblem cause it's bullshit and poormans ferrari
RurHZGQtbmg,@johnsilver1800,Guy with the Ferrari canâ€™t drive
RurHZGQtbmg,@NCLme,Super fast just for the sound ğŸ˜…ğŸ˜…ğŸ˜…ğŸ™ŒğŸ¿ğŸ™ŒğŸ¿ğŸ™ŒğŸ¿
RurHZGQtbmg,@NCLme,"You do know thatâ€™s an unfair race. You got two Italian against one German, Câ€™mon ğŸ˜…ğŸ˜…ğŸ˜…"
RurHZGQtbmg,@EmilyForbes-zs1kq,Porsche 911 turbo s for ever
RurHZGQtbmg,@gordonmao9147,ferrari f80 is a total fail in terms of design and sound. The lambo and 812 V12 sound infinitely better. May as well get a 911 TTS for the 6 cylinder power and save over a million dollars
RurHZGQtbmg,@nikolaynikolaevbankov2434,Porsche
RurHZGQtbmg,@darkaiso,"Porshe is a way better car, half the cylinders and just so much quicker off the line and equal in the rolling race"
RurHZGQtbmg,@tuv1155,"Porsche: half price, half of the cylinder but double kill"
RurHZGQtbmg,@lolohasan6424,How didn't you defeat a turbo s with a 812 superfast?
RurHZGQtbmg,@thelonglane,I usually just fast forward to the stats and the drag race. Listening to the waffle has gotten boring..
RurHZGQtbmg,@udogastmann1305,"Der Ferrarifahrer, was fÃ¼r ein Hampelmann!!!"
RurHZGQtbmg,@vale_the_king,Me in these moment: go ferrari goğŸ˜‚ ( i'm italian)
RurHZGQtbmg,@PunaMu-z6y,Ferrari/Porsche/Bmw â¤
RurHZGQtbmg,@sportsmansparadice42,Porsche 911 Turbo S for me thank you.
RurHZGQtbmg,@FidermanX,No substitute
RurHZGQtbmg,@alialawadhi1636,911 turbo s ğŸ”¥
RurHZGQtbmg,@izzadyusri5037,Porsche all the wayğŸ’ªğŸ’ª
RurHZGQtbmg,@ishmamehan7592,Salute ğŸ«¡ Porsche
RurHZGQtbmg,@BrightmanMoxey-b3v,"Great race, I love em all. But the Porsche so quiet and humble but man is it a beast or the quiet assassin?"
RurHZGQtbmg,@DavidJohnson-op3nt,THAT PORSCHE!!!  ğŸ˜³ğŸ˜²ğŸ¤¯ğŸ†
RurHZGQtbmg,@Arpit07,"The porsche defeats them in quarter mile, and is almost neck to neck at higher speeds too, its top speed is 330kmph, while ferrari has 340kmph and lambo around 355kmph."
RurHZGQtbmg,@markodragisic7363,â¤Porschâ¤ all day long
RurHZGQtbmg,@howardbrouwer7463,Porche 911 S
RurHZGQtbmg,@freepro,Get bro out that Rarri. What is he doing? SMFH.
RurHZGQtbmg,@emredemiral9548,German engineering ğŸ˜ˆ
RurHZGQtbmg,@adamdevito8376,Porsche!
RurHZGQtbmg,,The turbo S isnâ€™t even in the competitions. All the other cars are competing for second place always. Lol
RurHZGQtbmg,@naijaluxuryautos9891,The Ferrari is the Underdog here if we are being honest.. It's got rear wheel drive and still held down the Lambo.. Imagine what it'll do with AWD.. Rari for life!
RurHZGQtbmg,@secretariat1973,Porsche. Dayum. Looks? Fk8r also looks better! Lol
RurHZGQtbmg,@eljontatani6049,ğŸ‡©ğŸ‡ªğŸ‘ŒğŸ¤·â€â™‚ï¸
RurHZGQtbmg,@williamoleary9330,Yianni is the funniest. The head lean was just AWESOME!
RurHZGQtbmg,@Rahat-tb7ns,Nah porsche this shit aint funny come on u underatted as shit
RurHZGQtbmg,@ì–‘ì„ ë¯¼-m9i,ë§ˆë ¥ì´ ë‚®ì€ ìˆœì„œëŒ€ë¡œ ì´ê¸°ë„¤ ã…‹ ë‹¤ ë»¥ë§ˆë ¥
RurHZGQtbmg,@magicfrein778,Ts is the most corny comment section Iâ€™ve ever seen. Porsche glazing at its finest
RurHZGQtbmg,@ruthmashaba932,Lamborghini Aventador SVJ
RurHZGQtbmg,@biyonda9904,here we go. Its 2025 and porsche still winning every race
RurHZGQtbmg,@yassineyouness-m3v,"Ø§Ù„Ù„Ù‡Ù… Ø§Ù†ØµØ± Ø§Ù„Ø¥Ø³Ù„Ø§Ù… ÙˆØ§Ù†ØµØ± Ø¥Ø®ÙˆØ§Ù†Ù†Ø§ Ø§Ù„Ù…Ø³Ù„Ù…ÙŠÙ† ÙˆØ§Ù„Ù…Ø³Ù„Ù…Ø§Øª ÙˆØ§Ù„Ø´Ø¹Ø¨ Ø§Ù„ÙÙ„Ø³Ø·ÙŠÙ†ÙŠ Ø¥Ù†Ø´Ø§Ø¡ Ø§Ù„Ù„Ù‡ Ø§Ù„Ø±Ø­Ù…Ø§Ù† Ø§Ù„Ø±Ø­ÙŠÙ… ÙˆØ§Ø´ÙÙŠ Ù…Ø±Ø¶Ù‰ Ø§Ù„ÙÙ„Ø³Ø·ÙŠÙ†ÙŠÙŠÙ† Ø£Ø¬Ù…Ø¹ÙŠÙ† ÙˆØ§Ø´ÙÙŠ Ù…Ø±Ø¶Ø§Ù†Ø§ Ùˆ Ù…Ø±Ø¶Ù‰ Ø§Ù„Ù…Ø³Ù„Ù…ÙŠÙ† ÙˆØ§Ù„Ù…Ø³Ù„Ù…Ø§Øª Ø£Ø¬Ù…Ø¹ÙŠÙ† ÙˆØ§Ø±Ø­Ù… Ø§Ù„Ø´Ù‡Ø¯Ø§Ø¡ Ø§Ù„ÙÙ„Ø³Ø·ÙŠÙ†ÙŠÙŠÙ† Ø£Ø¬Ù…Ø¹ÙŠÙ† ÙˆØ§Ø±Ø­Ù… Ø§Ù„Ù…Ø³Ù„Ù…ÙŠÙ† ÙˆØ§Ù„Ù…Ø³Ù„Ù…Ø§Øª Ø§Ù„Ø£Ø­ÙŠØ§Ø¡ Ù…Ù†Ù‡Ù… ÙˆØ§Ù„Ø£Ù…ÙˆØ§Øª ÙŠØ§ Ø­Ù†Ø§Ù† ÙŠØ§ Ù…Ù†Ø§Ù† ÙŠØ§ Ø±Ø­Ù…Ø§Ù† ÙŠØ§ Ø±Ø­ÙŠÙ… ÙŠØ§ ØºÙÙˆØ± ÙŠØ§ Ø´ÙƒÙˆØ± ÙŠØ§Ø±Ø¨ Ø§Ù„Ø¹Ø§Ù„Ù…ÙŠÙ†
ÙˆØ§Ù„Ù„Ù‡ ÙŠØ±Ø²Ù‚ Ø£Ù‡Ù„ Ø§Ù„Ø´Ù‡Ø¯Ø§Ø¡ Ø£Ø¬Ù…Ø¹ÙŠÙ† Ø§Ù„ØµØ¨Ø± ÙˆØ§Ù„Ø³Ù„ÙˆØ§Ù† ÙŠØ§Ø±Ø¨ Ø§Ù„Ø¹Ø§Ù„Ù…ÙŠÙ†
ÙˆØ§Ù„ØµÙ„Ø§Ø© ÙˆØ§Ù„Ø³Ù„Ø§Ù… Ø¹Ù„Ù‰ Ø§Ù„Ø­Ø¨ÙŠØ¨ Ø§Ù„Ù…ØµØ·ÙÙ‰ Ø³ÙŠØ¯Ù†Ø§ ÙˆÙ†Ø¨ÙŠÙ†Ø§ ÙˆØ­Ø¨ÙŠØ¨Ù†Ø§ Ù…Ø­Ù…Ø¯ Ø±Ø³ÙˆÙ„ Ø§Ù„Ù„Ù‡ ØµÙ„Ù‰ Ø§Ù„Ù„Ù‡ Ø¹Ù„ÙŠÙ‡ ÙˆØ³Ù„Ù… ÙˆØ¹Ù„Ù‰ Ø¢Ù„Ù‡ ÙˆØµØ­Ø¨Ù‡ Ø£Ø¬Ù…Ø¹ÙŠÙ† ÙˆÙ…Ù† ØªØ¨Ø¹Ù‡Ù… Ø¨Ø¥Ø­Ø³Ø§Ù† Ø§Ù„Ù„Ù‡ Ø¥Ù„Ù‰ ÙŠÙˆÙ… Ø§Ù„Ø¯ÙŠÙ†"
RurHZGQtbmg,@murobro,Aventador
RurHZGQtbmg,@MTB882,IntroğŸ˜‚ğŸ˜‚ğŸ˜‚.
RurHZGQtbmg,@massimomare2575,"You can do all the challenges you want, but Ferrari remains the dream car"
RurHZGQtbmg,@BernardoDeMartino,"WHO Cares of the Porsche is a Little Bit fastet!!!
The Sound ande the Rest of the Ferrari ist 1000 Times better"
RurHZGQtbmg,@keilithelkaba,"Of course it'll never happen but I'd take the one once called the ""hole shot king""!  Hint: it begins with the letter Porsche."
RurHZGQtbmg,@entrepreneurmindset1751,Porsche didnâ€™t realize there were other cars
RurHZGQtbmg,@rafaelfaz2925,This is just a pure humiliation for the Italians ğŸ˜‚.
RurHZGQtbmg,@OJLJ_,Really don't like yanni only wants to win and don't admit it when he loses. Understanding no one likes to lose but its is what it is. What a sore loser
RurHZGQtbmg,@Get_Off_My_Lawwn,"Not sure what all these comments are aboutâ€¦ 
Theyâ€™re all 10 second cars. The 812 looks better imo"
RurHZGQtbmg,@emmanuelazumah9408,PORSCHE 911 TURBO S
RurHZGQtbmg,@Acanofbeer,Porsche for the overall win ğŸ‰
RurHZGQtbmg,@Acanofbeer,Italian for show but German for the dough.
RurHZGQtbmg,@Verbs2007,Porsche 911 Turbo S all day mate.
RurHZGQtbmg,@arming.9840,"Who drove the Porsche, you ego-maniacs?"
RurHZGQtbmg,@HÆ°ngVinhNguyá»…n-x2m,"Wow, what an epic showdown! The SVJ's raw power vs. the 812's elegance vs. the 911's precisionâ€”each is a masterpiece in its own way. Who do you think truly owned the strip?"
RurHZGQtbmg,@George-x7j2x,Lambo lost the time Yianny didn't jump the gun.
RurHZGQtbmg,@Unknoer,Porshe aura
RurHZGQtbmg,@DashMcKinnon,svj is way better
RurHZGQtbmg,@jackoniamorake3641,That little gray thing showed all of you flames
RurHZGQtbmg,@charlesa.2159,911!
RurHZGQtbmg,@hamdanali2036,"on paper, WHY is that lambo slower than the 911. 130hp more, and 100kg lessâ€¦ typical italians. canâ€™t do anything right"
RurHZGQtbmg,@thomasf.4687,Greetings from Germany â¤
RurHZGQtbmg,@Metehasarived,Yooo Iâ€™m from Cardiff and I live in Cardiff yOOOO YOOO!!!
RurHZGQtbmg,@AliciaKirkpatrick-d9n,frarri
QJ5Ma2M6lVI,@Jona_gaming5,"Nah, I don't play with plastics and a bunch of wires I rather go with G63"
QJ5Ma2M6lVI,@valentino-ss7yd,Outdated garbage in 20 years
QJ5Ma2M6lVI,@brandontorres848,"Ah yes, features only uber users will enjoy ğŸ˜‚"
QJ5Ma2M6lVI,@sergio74v41,Imagine owning this car 1 month after warranty expires...ğŸ¤¯
QJ5Ma2M6lVI,@zaden401,Idk S 63s 25â€ or this gonna have to Say S class looks more better in design. Love this though and beats almost any other benz
QJ5Ma2M6lVI,@Stanner7447,At this point this is where I live
QJ5Ma2M6lVI,@Topanga_Matthews,"That interior is so tacky, and the front end is hideous. I canâ€™t wait for luxury cars to become elegant again, instead of looking like a Transformers toy."
QJ5Ma2M6lVI,@pixelcraftstudios07,The same car was reviewed by mkbhd yesterday ğŸ‰
QJ5Ma2M6lVI,@Mx_RZR,BMW is really ahead on cars..
QJ5Ma2M6lVI,@fclar78,"Gtfoh!ğŸ˜³"""
QJ5Ma2M6lVI,@jamesthomas5773,"This is an electric,"
QJ5Ma2M6lVI,@fahidsyed522,Tesla Model X has had the automatic doors for almost a decade about time they catch up.. also about time Tesla innovate again..
QJ5Ma2M6lVI,@exotic_gamer_0333,Not better then a s680 maybach though
QJ5Ma2M6lVI,@keshkepital,"Donâ€™t mess up â€glass crystalâ€œ with â€plasticâ€œ, please. Interior is eye-catching, though."
QJ5Ma2M6lVI,@jamalallen8473,What year??
QJ5Ma2M6lVI,@SupremeDexule,That is what my DMG has
QJ5Ma2M6lVI,@roi3761,ğŸ˜¢wonder how much CRACKED glass crystal cost to replace ğŸ¤‘ğŸ¤‘
QJ5Ma2M6lVI,@Omni-King2099,Bmw always beats mercedes though ğŸ¤¨
QJ5Ma2M6lVI,@buickmaninc,Take yo shoes off in my BMW
QJ5Ma2M6lVI,@unknown_matrix,"If only I could afford one, lol. Let alone to even maintain it and the costs of repairs."
QJ5Ma2M6lVI,@Londyn2828,It also has the same chassis as rolls-Royceâ€¦this is my dream carâ€¦Iâ€™d live in it..
QJ5Ma2M6lVI,@usamafurqan1509,Sounds like Uncle H.
QJ5Ma2M6lVI,@wallpapermasterofficial,I love that car soo much â¤
QJ5Ma2M6lVI,@AntoneTheGolfGuy,No thank you
QJ5Ma2M6lVI,@brodysouter4004,Sounds like the thx sound
QJ5Ma2M6lVI,@nunayobiznass,I see that door opening into a car beside me
QJ5Ma2M6lVI,@evrythingallright,"Favorite part is door opening and locking automatic wow, you have such low expectations"
QJ5Ma2M6lVI,@ajaoibrahim1405,Is it an EV or mechanical... You said nothing about the engine
QJ5Ma2M6lVI,@Mostwanted2261,This bmw is almost like a rolls Royce
QJ5Ma2M6lVI,@BBQPitsTasteGood,Every time i take it on the highway its gonna sound like the THX watermark
QJ5Ma2M6lVI,@dodo_bird212,Any mercedes??? Its nice and all but it doesnt beat a maybach
QJ5Ma2M6lVI,@gbarnewall1,Iâ€™m gonna go ahead and assume there is a rear view camera so when youâ€™re rear passengers want to play with the big screen and block your rear view mirror when drivingâ€¦.
QJ5Ma2M6lVI,@DeniseDaniels-g6b,The Mercedes doesn't compare to the BMW. Sadans on the market today can't keep up  with BMW.
QJ5Ma2M6lVI,@CocoButterBarbee,This is ğŸ”¥ğŸ”¥
QJ5Ma2M6lVI,@rsildvee,Door open it self. What if there is next to it other car. Will it hit it?
QJ5Ma2M6lVI,@mfm.234,â¤
QJ5Ma2M6lVI,@chocobluuu,Okay this is next forget the x5 lol
QJ5Ma2M6lVI,@ziphozwane,"Yup, it's definitely personal. ğŸ˜‚"
QJ5Ma2M6lVI,@ben5003,I thought it was gonna take off
QJ5Ma2M6lVI,@Jaybewatchin,I feel like they are just trying to find ways to make things expensive
QJ5Ma2M6lVI,@liquidusprime-d5j,This feels like too many features for Sudan
QJ5Ma2M6lVI,@ss-Z313,Mercedes is cookedğŸ‘ŠğŸ»ğŸ‘ŠğŸ»ğŸ‘ŠğŸ»
QJ5Ma2M6lVI,@HumairaBari,I have an X7 but can you do a i8
QJ5Ma2M6lVI,@jasonjrobinson,ğŸ˜®
QJ5Ma2M6lVI,@Ahmad_hehe_1,Is the cameraman a cat ?
QJ5Ma2M6lVI,@KabeloPhali,Great
QJ5Ma2M6lVI,@cockietalk39,"Thatâ€™s a machine,"
QJ5Ma2M6lVI,@PassportBrosBusinessClass,Glass crystal.  WHY?
QJ5Ma2M6lVI,@PassportBrosBusinessClass,"I prefer the Mercedes S-class  W223.  The BMW i7 has the cool rear TV, but it's a gimmick. You really can't drive with it down unless your driver is short and doesn't need to tilt back. HEADREST mounted monitors make way more sense.  Otherwise, I absolutely prefer the W222 driving position and front seat area.  I also prefer its backseat."
QJ5Ma2M6lVI,@Even-o2e,Did you think about the AMG one?ğŸ˜…
QJ5Ma2M6lVI,@yigithan3713,ugly
QJ5Ma2M6lVI,@chereabaker8334,I love ours â¤
QJ5Ma2M6lVI,@SageTheG.O.A.T,M5 and M4 better
QJ5Ma2M6lVI,@ogriss412,SHEEEEEESH ğŸ‘€â¤ï¸ğŸ”¥
QJ5Ma2M6lVI,@justa40somethingyearoldguy,It's a shame all these neat cars keep going the full electric route.
QJ5Ma2M6lVI,@SenpaiEdits8250,What car is this?
QJ5Ma2M6lVI,@chambersenterprise72,Body shop nightmare!
QJ5Ma2M6lVI,@ConquerrYT,I need you as my dealer
QJ5Ma2M6lVI,@sinaRambo,Is that the THX sound playing as you accelerate ğŸ˜³
QJ5Ma2M6lVI,@Mr_Fold113Mr_NoTrip,ğŸ’°ğŸ§ğŸ†
QJ5Ma2M6lVI,@edgardls95,"Have we reached peak luxury car? Theyve pretty much added everything, massage seats, tv screens, ambient lighting, mini fridges. Whats next? A built in Mr.Handy to roll and light your cigar while hes driving you around?"
QJ5Ma2M6lVI,@templateteproductions,We going broke ğŸ˜Š
QJ5Ma2M6lVI,@007stopjockin,"Dope AF ğŸ˜ğŸ˜œ!!!

007"
QJ5Ma2M6lVI,@HOBEDHaggyCharles,My Fav Bmw so far
QJ5Ma2M6lVI,@LifeAndLens-t8t,Oh boy ğŸ˜®ğŸ˜®ğŸ˜®
QJ5Ma2M6lVI,@Jeremiah_NE,"man,  I hope they facelift BMW back to the smaller grill"
QJ5Ma2M6lVI,@heykaykay_hd,The fact I just pictured my daughter pushing a button to fold her sister up in the front seat is dangerous.. ğŸ‘€
QJ5Ma2M6lVI,@LightfromRay,Anyone else waited for the old THX musical note ??? lmao
QJ5Ma2M6lVI,@amimw2101,One single electrical issue and that's an 8K diag fee WITHOUT the repair cost. And trust me it happens more than you think. Enjoy!!
QJ5Ma2M6lVI,@dwight300,"In the next 5 years, you'll just tell your phone to pull the car around, get in  as door opens automatically, and it will self-drive you to your destination. I'll be driving my old V8 until they stop making parts."
QJ5Ma2M6lVI,@TopUFCEditor,The drive isnâ€™t as good as a s class from what Iâ€™ve heard
QJ5Ma2M6lVI,@Samamamamamamamamamamamamamam,Mercedes still got it
QJ5Ma2M6lVI,@jaceyc9418,That IMAX startup sound tho.
QJ5Ma2M6lVI,@carolmorelos3049,Beautiful â¤ lets go â¤â¤â¤â¤â¤â¤â¤â¤â¤â¤â¤â¤â¤â¤â¤â¤â¤â¤â¤
QJ5Ma2M6lVI,@jacksonbarinowski,"Imagine how fun it'll be to own one of these in 10 years when the screens are laggy and outdated, if not broken!"
QJ5Ma2M6lVI,@deepthoughtswithjessica,"Theater mode, what!?"
QJ5Ma2M6lVI,@eclipseskylines,"wait, the door opens by itself all the way? what if there are cars parked next to it???"
QJ5Ma2M6lVI,@Baseball-of4uz,"Technology is getting insane 
Anyone know how they keep getting better every year? 
How is it possible where are they getting the knowledge 
Itâ€™s interesting"
QJ5Ma2M6lVI,@superficial3513,"german: we have high-end technology car
china: we buy one, dismantle it and produce million units by next week with cheaper price"
QJ5Ma2M6lVI,@phenoshiba,"So they started copying BYD, eh? ğŸ˜‚"
QJ5Ma2M6lVI,@UNKWN_K1D,RICH MILLIONAIRE
QJ5Ma2M6lVI,@Corrupted__User_0,Bro it sounds like a spaceship or a UFO floating ğŸ˜‚
QJ5Ma2M6lVI,@I4intF34r,"One karen driving a car, all those crystals going down the drain"
QJ5Ma2M6lVI,@abdulrahmanabubakar5935,Mercedes Benz 680 maybach is far better than
QJ5Ma2M6lVI,@motorhead1933,German cars give me am i inside a tank feel
QJ5Ma2M6lVI,@TheRealJoJonah,THAT IS BEAUTIFUL
QJ5Ma2M6lVI,@horstpuckler8104,Sieht irgendwie nach Plastik von AliExpress aus
QJ5Ma2M6lVI,@voidLogicx,They make this car knowing the amount of Americans are homeless and live in their cars ğŸ˜‚ğŸ˜‚ğŸ˜‚
QJ5Ma2M6lVI,@atiyanamarie111,I'm in Love ğŸ˜
QJ5Ma2M6lVI,@Young2woo,Naw a flatscreen In a car is crazy
QJ5Ma2M6lVI,@Dan_dadann,Mercedes AVTR Car: AM I A JOKE TO U?
QJ5Ma2M6lVI,@idk_someguy_original,the Mercedes AMG one solos ngl.
QJ5Ma2M6lVI,@Kunalkdas_17,"""Then i have this screen that I can use to do this"" 
*Proceeds to fold the passenger....."
QJ5Ma2M6lVI,@kratosshit4100,Even mercedes with 4 cylinder is better than any electric car ğŸ˜‚
QJ5Ma2M6lVI,@justiceserver1817,Electric ğŸ¤®
QJ5Ma2M6lVI,@sadananbehera7163,bro i think he forgot the amg one
QJ5Ma2M6lVI,@NickLetsie,One word maybach
QJ5Ma2M6lVI,@FranciscoHernandez-dq7rf,Engine good ? Oh yeah ev ğŸ˜… nvm
QJ5Ma2M6lVI,@raviv5619,So now bmw just puts tvâ€™s on the top of their cars now
QJ5Ma2M6lVI,@TheAutomotiveNerd,"Me: Holy crap I NEED this!!
*Checks price*
$250,000 ğŸ˜­ğŸ˜­ğŸ˜­"
mXFN2H1u470,@Sleepingtakis,My BMW has a magnet if the door is 1 inches away it just swing closed and locks
mXFN2H1u470,@kenzo-g9u,"I Like POCSHE,SğŸ˜…"
mXFN2H1u470,@Icore-sk,Me doing the same thing on a Toyota
mXFN2H1u470,@bayronmunoz1741,Useless.
mXFN2H1u470,@FooTude,Did you know this is a NaziMoble check the logo and spin to find the hidden connection!
mXFN2H1u470,@khawamsaeed3439,Did you know that when the porch logo spins I becomes e naizis logo
mXFN2H1u470,@jeremyhuang13,That stupid. Did you know my Tesla closes its door by itself? ğŸ˜‚
mXFN2H1u470,@xanndnd,I can do this on my toyota solara too!
mXFN2H1u470,@blamejohn2011,My 2003 Toyota revo can do that ğŸ˜…
mXFN2H1u470,@mattsmith1700,Wow! I would have completely useless accessory
mXFN2H1u470,@derspielographdsg7435,porschE
mXFN2H1u470,@ShowMeTheMoneyYes,Wow ğŸ¤£ğŸ¤£ğŸ¤£ğŸ¤£ğŸ¤£
mXFN2H1u470,@MauriF76,My Cayenne does like the other cars
mXFN2H1u470,@pietervandermerwe7454,So What ğŸ˜‚ğŸ˜‚ğŸ˜‚ğŸ˜‚
DlzONvs_RpI,@grocerylist,Have you tried removing the neon pool noodle from the front splitter?
DlzONvs_RpI,@80smetalisawesome,And thatâ€™s why these over priced American muscle are trashâ€¦ not worth a fart
DlzONvs_RpI,@hohol-Viktor,Putin terrorist and Lukashenko terrorist  gay
DlzONvs_RpI,@hohol-Viktor,Rassha and Belarus country terrorist
DlzONvs_RpI,@jonw4595,that demon got killed every time.  killing the tires before racing is brilliant lol
DlzONvs_RpI,@williamearnshaw3030,"Both great auto's but built for different racing!  one Drag, one track!"
DlzONvs_RpI,@dodgekoleksiyoncusu8k2025,Porsche 911 Our Ukrainian Friend We Can't Do Anything To it
DlzONvs_RpI,@haroldhorseposture9435,"Know which I'd choose. Ain't the Porsche. You'd see how many of 'em on the way to the track , how many Dodges ? Chalk and cheez. I like cheez."
DlzONvs_RpI,@jenn795.,That was too funny that car didn't have a chance against the best car ever my Porsche â¤ï¸ğŸ‘
DlzONvs_RpI,@jenn795.,That's right the Porsche is the best hands down â¤ï¸ğŸ‘
DlzONvs_RpI,@matthiasEpunkt,Dodge totally stupid car
DlzONvs_RpI,@chibwekapalajnr,"The whine on that hellcat ğŸ”¥, but these guys were hating on the hellcat from start to finish"
DlzONvs_RpI,@christophebelat5156,"ğŸ˜‚ğŸ˜‚ğŸ˜‚ğŸ˜‚ğŸ˜‚ Dodge ğŸ‘ğŸ»ğŸ‘ğŸ»ğŸ‘ğŸ»ğŸ‘ğŸ»
Porsche the must â¤ï¸"
DlzONvs_RpI,@jojosoprano777,its wet on half the track.  ğŸ¤£
DlzONvs_RpI,@buyingscratchoffs,Why would you turn the traction control off ğŸ˜‚
DlzONvs_RpI,@buyingscratchoffs,dude can't do a burnout without the cars tech is wild ğŸ˜‚
DlzONvs_RpI,@raymyers4539,Just think if u want a big tyre smoker with the drama that's a job for the 70s dodge with a proper rally dash the new one's not doing it for me
DlzONvs_RpI,@maykeldelatorre6113,"I really say this because I've had all the Dodges and they are garbage with cheap, low-quality materials."
DlzONvs_RpI,@F8lastcallcharger345,If the demon was on a prepared track it would be a different story
DlzONvs_RpI,@stefanobassani348,"As for the Pirelli commercial ""Power is nothing without control"""
DlzONvs_RpI,@johnr5252,Embarrassing.
DlzONvs_RpI,@reichlha1968,Ridiculous. No chance of cause. This is a Turbo S
DlzONvs_RpI,@mok244,you know youÂ´re sitting in a simple american muscle car when you need several tries on the drag strip to come even close to a 911 Turbo S.
DlzONvs_RpI,@user-dc2gu7om5h,Power is nothing if you can't translate it to the surface. German know how. ğŸ‘ğŸ‡©ğŸ‡ªğŸ‡¦ğŸ‡º
DlzONvs_RpI,@Baustakar,"The demon has like...over 1000 hp but is completely useless and undriveable.
Well at least is sounds and looks good."
DlzONvs_RpI,@frankrault3190,maga ğŸ¤£ğŸ¤£ğŸ¤£
DlzONvs_RpI,@Dndjddjdjfjcj,Hold the paddles down in Perdue put in drive and brake and revvvv see no limiter
DlzONvs_RpI,@dfwrealestateservicesllc2878,That Dodge looks like it~s standing still compared to the 911. Pathetic.
DlzONvs_RpI,@509-68,So what's the point of this video.... that you suck at drag racing?
DlzONvs_RpI,@chappy48,2 vastly different cars. I'd take the Dodge. More personality and sounds better.
DlzONvs_RpI,@royalcrowntowing2464,Use a Jeep Grand Cherokee track hawk next time AWD
DlzONvs_RpI,@nyChannel09,"Turbo S = no driving experience, just fast acceleration
Demon = Scary and you actually have to drive"
DlzONvs_RpI,@nyChannel09,"I dont mind losing a drag race if my car is still spinning in fourth gear.
Dont forget about the sound aswelll... Best V8 sound in history"
DlzONvs_RpI,@anthonymosiejczuk8945,The driver would make a difference.
DlzONvs_RpI,@juvijuvi1,"Y'all got a FRIENDS actor Joe Tribiani driving the Demon the right way on Top Gear, way better than you do."
DlzONvs_RpI,@Didi22206,US Cars the biggest crap in the industry..Build weapons but please don't build cars
DlzONvs_RpI,@Alvaritoo7,Comparing an American car to a German supercar is an insult to German vehicles.
DlzONvs_RpI,@superbrit3845,Americans must be embarrassed watching this.
DlzONvs_RpI,@Ooops-e2n,"Cold, wet in spots surface ğŸ˜…"
DlzONvs_RpI,@JamesGillis-m2i,"This guys seems to just make stuff up. He is making up the ethnology of butter.

The word ""butter"" comes from the Greek word Î²Î¿ÏÏ„Ï…ÏÎ¿Î½ (bouturon), which is a combination of Î²Î¿á¿¦Ï‚ (bous), meaning ""ox, cow,"" and Ï„Ï…ÏÏŒÏ‚ (turos), meaning ""cheese"". This suggests the earliest understanding of butter as a ""cow-cheese"" product. The Greek word was then latinized to butyrum, and eventually entered Germanic languages as ""butter"".Â 

The ancient greeks did not know anything about butyric acid"
DlzONvs_RpI,@Rynoriginal-cw4kz,"Perfect example of ""The only thing that matters is who's behind the wheel"" - Toretto"
DlzONvs_RpI,@ricosuave3881,Too much car for that guy
DlzONvs_RpI,@WagodieNkoitoi,Can u also do a drag race of dodge demon 170 vs nisan gtr and toyota supra
DlzONvs_RpI,@scottdickerson266,Love it. Porsche isn't even known for straight line speed..
DlzONvs_RpI,@cedrick7126,Limiter at 264km is crazyyyğŸ’€ğŸ’€ğŸ’€
DlzONvs_RpI,@jamesrichardson63,A race that takes 12 minutes?
DlzONvs_RpI,@ronnienordberg8187,"Mycket snack, och ingen verkstad!"
DlzONvs_RpI,@Alex-w8r4o,Porsche engineering as it is......
DlzONvs_RpI,@MaidTalk,Someone watching in 2025?!
DlzONvs_RpI,@SilkCityOG,Too much power! I'm still Team Mopar ğŸ’ªğŸ½
DlzONvs_RpI,@D.SHAENE,If the dodge was didnâ€™t spinnedğŸ˜¢
DlzONvs_RpI,@Skyline_-sy9cq,With a good driver the Dodge wins easy
DlzONvs_RpI,@oktrevor2010,I watched for over 12 minutes and no Ru Paul.
DlzONvs_RpI,@JulianGonzalez1974,Not only will the 911 Turbo S beat it in the 1/4 mile but it would also beat it at a road course.
DlzONvs_RpI,@ColonelAngus-y1h,"So, you can either win races OR shop for rear tires every day...ğŸ¤”ğŸ¤”ğŸ¤”"
DlzONvs_RpI,@imdying-q9z,"The extra cost isnt for nothing, folks."
DlzONvs_RpI,@imdying-q9z,"Demon goes fast in a straight line, porsche is better with just about every other aspect."
DlzONvs_RpI,@smallbee1234,"Obviously yall rooting for the Porsche. Too much tire pressure, shitty launch, no traction control on the Demon."
DlzONvs_RpI,@robertdgrant8846,"The tyre warmup of the Dodge was epic!
However, Yaianni was right about the Porsche winning hands down. Sorry Mark."
DlzONvs_RpI,@Shawtycuh,Wow thatâ€™s got to be the worst launch Iâ€™ve ever seen from an experienced driver. You never even tried to peddle the gas just kept it floored
DlzONvs_RpI,@ahmadhaeruman1389,dodge is good only in sound
DlzONvs_RpI,@Nylux_communiry,Porsche ğŸ¤Œ
DlzONvs_RpI,@Hats1976,The right driver would walk the Porsche
DlzONvs_RpI,@stevenbledsoe4186,"Didge, useless HP if you can't get down the track."
DlzONvs_RpI,@DirkVandendorpe-bc7oh,Elegance vs brutal power
DlzONvs_RpI,@captainmike5303,"I havenâ€™t raced for years, but it was required to reduce the air pressure on slicks to get traction and your tires look fully inflated. It would have made a big difference if an experienced Demon Driver was behind the wheel or at minimum had trained you! Obviously you were trying to keep the wheels spinning."
DlzONvs_RpI,@ameranod2818,"I'm not a fan of Dodge and its cars because it's just a failure, but there's no power for thatğŸ‘ğŸ‘ğŸ‘. The best Corvette and also the best Porsche 911 Carrera and BMW M3ğŸ‘ğŸ‘ğŸ‘ğŸ‘"
DlzONvs_RpI,@finesupplements9698,American cars cant even do straight line racing right ğŸ¤¦â€â™‚ï¸
DlzONvs_RpI,@ramonencarnacion8567,Habla demasiadoooo
DlzONvs_RpI,@winstonsmith2216,Starts @ 05:43
DlzONvs_RpI,@CrazyKissam,"Yep, stupid American cars thatâ€™s why I donâ€™t buy American except for Dodge trucks"
DlzONvs_RpI,@Tubefucka,still would pick the dodge
DlzONvs_RpI,@johnrobinson7021,"Guy in Mopar needs to learn to drive, video paid for by Ford"
DlzONvs_RpI,@dt1064,Dodge gets humiliated again.ğŸ˜‚
DlzONvs_RpI,@donnie4044,Bro you seriously can't handle that Demon.  It's crazy
DlzONvs_RpI,@TimJohnson-x1o,"When American brands give their quoted specs like 0-60 times there is an asterisk* caveat. In America everything comes with fine print, you always have to read the fine print. The caveat is that they used race fuel, drag slicks, a prepped surface and a pro driver on a perfect day, going slightly downhill, and did several runs before the car overheated/falls apart, then they quoted you the best time they got and still rounded down.  When a German brand like Porsche gives you the quoted time it's a bare minimum the car will do with any driver in any conditions on any road any day at any time, over and over and over again. Those that know, know. Those that haven't figured it out by now, with all the information available online these days are just hopeless and or delusional."
DlzONvs_RpI,@Jim-cc3my,Maybe he should leave the traction control on. ğŸ¤¦â€â™‚ï¸
DlzONvs_RpI,@waynehansen2464,why is one car showing KPH  and the other MPH.  Just stupid
DlzONvs_RpI,@chrispronger6614,All these demons and scat packs and whatever are garbage. A lot of power in a package that isnâ€™t made for it. Thatâ€™s it. The Porsche and many others are engendered as a whole for this. Track hawk? More like track sâŒâŒk my cğŸš«ğŸš«k. Garbage.
DlzONvs_RpI,@manueljr2974,Mat your acting brand new smh being all extra smh ğŸ˜
DlzONvs_RpI,@jmcmike1,Let off the throttle a bit man!
DlzONvs_RpI,@firstclassrent,Just normal Porsche 911 Turbo S thingz ğŸ¤ğŸ¼ğŸ’ªğŸ¼
DlzONvs_RpI,@JamesVR6,"The Challenger weighs 7,000lbs!"
DlzONvs_RpI,@leviperkins3150,3:20 ğŸ˜‚ğŸ˜‚ğŸ˜‚
DlzONvs_RpI,@Malbeefance,You needed someone who knows how to drive a Demon in the Demon. Can't figure out why you didn't use the built in systems to warm the tires and launch the car.
DlzONvs_RpI,@YouTube_Censors_Me,"Shitty show pushing EURO TRASH TRY A TUNED TRACK HAWK OR A AWD TESLA!!! You  PUT A 2WD CHAENGER VS AWD 
NAZI MOBILE!!! This show is ğŸ’©!!!"
DlzONvs_RpI,@okopasha4266,Yea this like Bob Sapp vs Cro CopğŸ˜‚ğŸ˜‚ğŸ˜‚ğŸ˜‚ğŸ˜‚
DlzONvs_RpI,@ambitiousboy1671,To be realistic how do you race that heavy American beast with the best German machine
DlzONvs_RpI,@RichardFalter-ef5sn,considering the emon did a quarter mile burnout its. Faster. Traction on street tires for the demon suck
DlzONvs_RpI,@regrutland4410,"That Yhanni guy is a douche, so irritating to watch, I almost didnâ€™t watch this video just cause heâ€™s it."
DlzONvs_RpI,@The77Codex,"That demons is an absolutely crap doing a launch, fooled are those that think the 170 could do 0-60 in less than 2 secondsğŸ˜‚ğŸ˜‚ğŸ˜‚ğŸ˜‚ğŸ˜‚ğŸ˜‚"
DlzONvs_RpI,@12Mojo,"Matt you didn't put the drag pack on the Demon??? come on bro, novice mistake."
DlzONvs_RpI,@onepieceluffy7692,American junk
DlzONvs_RpI,@MrCejw,I know sound checks are fun but the noise coming out of the exhaust is wasted energy. This explains the Turbo's vacuum like  whir.
DlzONvs_RpI,@mduduzingwamba739,American ğŸ’© ğŸ˜‚ğŸ˜‚ thatâ€™s a waste of a race that car is made for burnoutsğŸ˜‚ğŸ˜‚
DlzONvs_RpI,@knightmpw,May be you try the Demon with race driver Sam..
DlzONvs_RpI,@marklaechel4537,"It looks like the Dodge is roating the meats, back sliding around, the guy is getting no traction"
DlzONvs_RpI,@MichaelDavis-st9rw,You couldnâ€™t drive a go kart
DlzONvs_RpI,@yvanokuba,There must be something he didn't do right
vE_WqdKbTvY,@vfwh17,"this is the stig's dream daily btw, in that color spec too"
vE_WqdKbTvY,@shrikrishnaawasthi9736,"1st saw this car in NFS MW 2005 absolutely beast with top speed of 210+ mph became fan as a kid, always wanted this, then heard about paul walker when I was in College he died in this, Memory hit hard the name took me back in 2005, currently working hard to achieve the ultimate goal of owning one, 20 years of admiration sheer will to achieve this one day"
vE_WqdKbTvY,@eliteextremophile8895,The sound of that engine gives me goosebumps even through phone speakers. Just magnificent!
vE_WqdKbTvY,@gl3gaming505,Is that smack my bitch up in the background?
vE_WqdKbTvY,@batapotato4783,3:38 they had to cut out the drop to â€œSmack My Bitch Upâ€ ğŸ˜‚
vE_WqdKbTvY,@Low_iQ_Demon,Song choice ğŸ˜‚ is key!
vE_WqdKbTvY,@Midumidumidhu,Anyone in 2025
vE_WqdKbTvY,@dynamic-d2539,This didn't age well 4:58
vE_WqdKbTvY,@Butterbean32,"So many years later, and it blows my mind that barely anyone drives home Clarksonâ€™s point of passion with this car, as someone looking from afar it seems so obvious"
vE_WqdKbTvY,@zye.,a cgt review with Prodigy playing in the background... perfect!
vE_WqdKbTvY,@captaindelta43,1:34 Jeremy having an aneurysm is just hilarious ğŸ˜‚â¤
vE_WqdKbTvY,@nodafy,"This car came out 22 years ago..
Feel old yet?"
vE_WqdKbTvY,@Kjbkong,"This is how I like my cars simple engineering none of this fancy technology, get in the car and foot to the floor how a car should be!"
vE_WqdKbTvY,@DhirenPersad,Precise and as perfect as Germany's rail timetable?! LOL then this means everytime it rains the car stops working ğŸ¤£ğŸ¤£ğŸ¤£
vE_WqdKbTvY,@xf_agent47,Whose watching in 2025 ğŸ˜Š??
vE_WqdKbTvY,@darioparonetto3232,it's sad to think a good man like paul died in one of this...
vE_WqdKbTvY,@AlexOjideagu2,Ironically German trains are now terrible and 5 to 10 times as late as British trains
vE_WqdKbTvY,@archieunderwood6095,"My dad used to have one of these. The best sounding engine iv ever heard, the noise is just something else"
vE_WqdKbTvY,@hungrynapps,Clarkson was trying to warn us about the clutchğŸ˜…
vE_WqdKbTvY,@vigneshwaran7437,ğŸ¤¯ WOW I don't know why I love this car in every way it is
vE_WqdKbTvY,@MoparMuscleTruck,Best decision Porsche made with this car is going with a manual trans. Doesnâ€™t date the car with a poor single clutch auto.
vE_WqdKbTvY,@JosePerez-kj2dp,Best Car ever and so unobtainable :-(
vE_WqdKbTvY,@StoneThatTheBuilderRefusedKK,The music guy had a blast with this one.
vE_WqdKbTvY,@andreadepantz6602,Una vettura eccezionale che non mi ha mai entusiasmato esteticamente.
vE_WqdKbTvY,@Dima-gx1gi,The best
vE_WqdKbTvY,@PALLACE69,"The F40 and the CGT, the 2 best supercar ever"
vE_WqdKbTvY,@mattfisher4256,That V10 almost sounds like the LFA
vE_WqdKbTvY,@JohnStone-o1w,Carrera GT is brutal.
vE_WqdKbTvY,@MavMX1987,What was the joke about silicon carbide giving Jeremy stomach issues.
vE_WqdKbTvY,@djpalindrome,The opening reminds me of what buffoons these idiots could be
vE_WqdKbTvY,@GT380man,"Please look at the still picture at 1.39.
What do you see thatâ€™s familiar now, but wasnâ€™t back then?
I donâ€™t know what it means or how it got there in the program. 
But it cannot be said itâ€™s accidental. 
Contrast that image with any of the dynamic video images."
vE_WqdKbTvY,@ALENALEX-pt4en,I want tis carâ¤â¤â¤â¤
vE_WqdKbTvY,@KubaMadafakaMc,What episode is that?ğŸ˜Š
vE_WqdKbTvY,@angeljohn4763,2025....
vE_WqdKbTvY,@rennstreetpodcast,This video never gets old! The legend of CGT just grows and grows!
vE_WqdKbTvY,@INTEL-REDACTED,number 0 for me will always be the veyron but man the CGT has to be my all time dream car followed by a gated manual murci.
vE_WqdKbTvY,@someonespecial184,"The best car...















...in the World."
vE_WqdKbTvY,@juancarlosrodriguez8381,"...and still a K6 GSXR1000RR is faster in a straight line than this Porsche imagine a 2024 Ducati V4R or a Brutale1000RR. If you think any of these cars are fast you haven't ridden a liter bike in your life, and I've rode Cobra 427SC and still not faster than a liter bike. I've raced Mclaren 720, Ferrari Roma, Urus, Porsche any BMW M or AMG and none has won the only car I truly respect on the road is comparable fast to a liter bike is the Nissan GT-R that thing is in a class of its own."
vE_WqdKbTvY,@Vladimir-AndreiFroane,Ha. I just recognized Tobin. Easy Muffin it's called the tune in the background.
vE_WqdKbTvY,@pdxmx,Overhyped
vE_WqdKbTvY,@TJSaw,The last analogue supercar. A legend forever.
vE_WqdKbTvY,@Justforvisit,"3:50 ""It's as precise and as perfect as germany's rail time table""

Well, THAT for sure didn't age well xD"
vE_WqdKbTvY,@ehioss,The best nfs carbon car with that exhaust soundğŸ˜¢
vE_WqdKbTvY,@Derfgrebennar,Die Welt der Autos wÃ¼rde nicht langweiliger werden wenn jeder ein hÃ¤tte!
vE_WqdKbTvY,@joshfairweather97,The Carrera GT is in my top 3 favourite cars of all time.
vE_WqdKbTvY,@birdie3024,Pinnacle of petrol perfection
vE_WqdKbTvY,@ciucavladimirandrei52,"Open roof, a v10 engine and a manual gearboxâ€¦ perfection!!"
vE_WqdKbTvY,@simonback9335,Great use of Smack my bitch up by The Prodigy ğŸ‘ğŸ»ğŸ‘ğŸ»
vE_WqdKbTvY,@2fast2nick,Still one of the best Porsches ever made
vE_WqdKbTvY,@kaotickrusadr,"3:52 ""Germany's rail time table""... That aged like milk."
vE_WqdKbTvY,@Junebug89,The pipes on this thing sound absolutely righteous
vE_WqdKbTvY,@mahmoudnasr6605,Does anyone know the name of the music in the middle ?
vE_WqdKbTvY,@pete6891,its hard to get excited about cars without top gear...
vE_WqdKbTvY,@dfischer1980,Jermey Clarkson. Legend!
vE_WqdKbTvY,@renegade-master29,"I remember at work my boss got one of these delivered at the work place. I was like, wow, like Starstruck, lol 2004 I remember it like yesterday because the same day after work I went out and bought fifa 2004 ğŸ˜‚"
vE_WqdKbTvY,@behroozsalehi8571,A V10 Porsche ğŸ˜ğŸ˜ğŸ˜ğŸ˜
pAKIF8tXi-w,@Teknasmusic,Huracan all day
pAKIF8tXi-w,@DeShawn1979,They are both owned by Volkswagen.
pAKIF8tXi-w,@Kingfisher1060,"Porsche, hands down, nothing else comes close, and there is no substitute"
pAKIF8tXi-w,@MaSa-bp5qe,6 cylinder??? BOOOOOO
pAKIF8tXi-w,@tomazevic007,Never
pAKIF8tXi-w,@clplusp8762,"Would definitely take this over a Huracan. Why? Because you can daily it and it blends in a parking lot so you donâ€™t worry as much about it like you would with a Lambo. If you had the choice between either, you can also likely have a mundane daily driver too and use the Huracan on occasion without ever getting out until arriving at home."
pAKIF8tXi-w,@Evan-kg8wg,I absolutely would pick this over a lambo the Porsche 911 turbo s is my dream car
pAKIF8tXi-w,@SigmaRizz-r2z,Yes I would
pAKIF8tXi-w,@ChefShyam2029,"Even a GT3 RS has a Flat-6. Porsche is not about those V10, V12 engines in sport cars, and the only V8s they have are in their SUVs."
pAKIF8tXi-w,@dunnkenny,Stop watch or Chrono?
pAKIF8tXi-w,@indabasementyt505,Never
pAKIF8tXi-w,@oswaldgarcia3407,Does it come in manual tho ?
pAKIF8tXi-w,@Kes-d3f,I would choose this over ANY CAR including a Bugatti
pAKIF8tXi-w,@ionee777,Missing PS to the kilogram
pAKIF8tXi-w,@davidmedina8220,Thinner glass to save weightğŸ’€
pAKIF8tXi-w,@jigsawyork2001,Lambo anyday
pAKIF8tXi-w,@SchafjuanS,I love this dude everything simple and quick
pAKIF8tXi-w,@Allen-xx3ly,Yes
pAKIF8tXi-w,@JDOverclock,"Idk why Porsche atracts us so much, I just love Porsche!"
pAKIF8tXi-w,@drew6391,How dare you consider this a super carâ€¦
pAKIF8tXi-w,@omarsantamaria6871,Porsche forever ...
pAKIF8tXi-w,@aimingtoserveJesus,Id take a porche 944 over a lambo
pAKIF8tXi-w,@MHollywood5,I would
pAKIF8tXi-w,@ernestoperozo4081,the turbo s launch mannnnn
pAKIF8tXi-w,@Tire24,"I would pick the Lambo over this. Sorry I'm not a Porsche supremacist fanboy, I just prefer Lamborghini."
pAKIF8tXi-w,@thefeatheredking2572,Porsche all day babyğŸ˜‚
pAKIF8tXi-w,@dingbat5679,i would always take a porsche over a lambo stylewise but boy that exhaust sounded like a wet dirty fart
pAKIF8tXi-w,@jackabudiab6108,Turbo S is the best car in the world .
pAKIF8tXi-w,@tiedngag,"I am so tall that I can not get into a Lambo, but can fit into a Porsche. Even if I could fit into a Lambo, I am taking a Porsche 911 turbo everytime."
pAKIF8tXi-w,@8G24S23,I'd take the lambo cuz thats not a GT3
pAKIF8tXi-w,@gaimmmeeee,Porsche over lambo and Ferrari
pAKIF8tXi-w,@jeromeblake-f2f,Yeah defo I thought Porsche is more classy
pAKIF8tXi-w,@warsteelesmith,"Nobody: slips and hand slides over the front bumper
Porche: (open mouth and sticks out tongue)
Owner: whered my stuff go??

All jokes aside. Nice car.
Edit: misspellings."
pAKIF8tXi-w,@rolandharris2706,No. German appliances but Italian cars .
pAKIF8tXi-w,@sandro6411,a porsche over a lambo ? ALL DAY EVERY DAY
pAKIF8tXi-w,@vagifaliyev1666,I am sorry but Porsche in general is not and never will be a Lamborghini.
pAKIF8tXi-w,@daprince001x5,Lambo sounds better
pAKIF8tXi-w,@instantpartyWTF,sliding fine dirt particles over your paint to open the front sounds like a bad design decision to me
pAKIF8tXi-w,@garydenny-k7f,"porsche 
any day"
pAKIF8tXi-w,@tristanburnett7529,Yesâ€¦
pAKIF8tXi-w,@Official-dz6gx,I have and always will clown on v6s never owned one and never plan on it they sound weird and most of the time bad reliability
pAKIF8tXi-w,@MatthewRoncetti,"$300K +, not sure how thatâ€™s â€œLow key..â€"
pAKIF8tXi-w,@mercury7590,"Easy pick over the Lambo. Itâ€™s just as fast and has even more pedigree, plus itâ€™s small enough to use on the daily if need be (plus it can go where the Lambo canâ€™t, especially with a front axle lift system)."
pAKIF8tXi-w,@harlemknight120,Definitely has a Supercar price.
pAKIF8tXi-w,@TChighbury,Shirt courtesy of Douglas Reynholm
pAKIF8tXi-w,@megsman4749,I would buy a Porsche but I will only have a Lambo if given one.
pAKIF8tXi-w,@kvgames9358,Huracan
pAKIF8tXi-w,@prezaki226,Sports design and carbon roof better
pAKIF8tXi-w,@poopertrooperz,Prefer NA but porsche all day long baby
pAKIF8tXi-w,@fraomedinaii2095,I'm going to get this tomorrow when I get paid that clock that doubles as a stopwatch did it for me
pAKIF8tXi-w,@Ariel0607-b8p,Anyday
pAKIF8tXi-w,@nast-enola,"0:37 - Forrest Said:  "" You can delete your rear seats.""    !!LOL !! I would luv to meet you one day and chill !"
pAKIF8tXi-w,@enioladelano6680,6 cylinders ewww
pAKIF8tXi-w,@AnonYmous-mh2us,"just like lamborghini designs better. 
porsche has improved its interior tho,"
pAKIF8tXi-w,@DJG_Official,Yes. My answer is yes before you cover any specs and do any review
pAKIF8tXi-w,@floot727,"this thing goes 0-100 in 2.5s and from 110 to 0 in around 30m, AND it comes with adaptive all wheel steering. Yes, Yes I Will"
pAKIF8tXi-w,@somewhereinagalaxyfarfaraway,As someone who can't afford either I would pick this one ğŸ˜…
pAKIF8tXi-w,@TripleBlack331,"I'm taking the Lambo over this, but if this was the Turbo Targa S, then I'd take it."
pAKIF8tXi-w,@Ğ›Ğ•Ğ‘Ğ-Ğ¶9ÑŠ,Yes all day YES
pAKIF8tXi-w,@bjo004,The features are so underwhelming ğŸ¥±
pAKIF8tXi-w,@dwaynethemineraljohnson412,Why woukd you ever delete the rear seats? To save a little weight? Even if you don't use the rear seats it just looks better with them
pAKIF8tXi-w,@egoisteofficial,"Porsche all day, every day."
pAKIF8tXi-w,@felinefriend6101,i would hands downâ€¦.itl start every time
pAKIF8tXi-w,@Kenny_Random,A Porsche is more reliable than a Lamborghini and can be used as a everyday car
pAKIF8tXi-w,,Resale value alone should settle it.
pAKIF8tXi-w,@Infamous_wu13,"Tbh Iâ€™d take the Huracan only for the availability of modding the crap out of it, but if I wanted a daily it would be Porsche"
pAKIF8tXi-w,@linxz_cj7822,Now you gotta pet you car for it to open its trunk.
pAKIF8tXi-w,@pablitou5375,I mean the sound IS worse than a NA V10 but Porsche has a lot of advantages over a HuracÃ¡n
pAKIF8tXi-w,@CameronSmithLanguages,"I never knew so many people liked porsches but yea I'll take porsche over any car (bmw, lambo, mercedes, etc) but it's all about personal preference"
pAKIF8tXi-w,@AndrewCollis-p7y,"That launch on that Porsche was butter smooth no slip, and no slide"
pAKIF8tXi-w,@iam6th963,Which one has a better chicken magnet?
pAKIF8tXi-w,@SydneyGavriel,Leona Lewis tho lol
pAKIF8tXi-w,@ethanseeletse,"Specifically the 911 turbo s over the Huracan, no but 911 st, yes"
pAKIF8tXi-w,@adystriaswan,its so sexcğŸ¤­ (i want one so bad.. or a targa)
pAKIF8tXi-w,@Theos-13,"And it has a PDK dual clutch, plus a 2.6 second 0-60!"
pAKIF8tXi-w,@amg863,"Lamborghini is more of a head turner. Probably makes you feel more special when you drive it because it's so exotic and uncompromising. 

The Porsche is the more reasonable choice. It is more reliable, more understated, more refined and practical. It really depends on your priorities. If you already have a track car or a fun daily, maybe what you want is a flashy lambo to spice things up on the weekend. For me the appeal of the Porsche is you can drive it everyday and blend in everywhere. You don't have to worry too much about it"
pAKIF8tXi-w,@angelowilson-vv3kb,Us need that exact one!!!
pAKIF8tXi-w,@AGENT-ho,No
pAKIF8tXi-w,@julianr6283,"Wow you learn something new everyday , never knew until could pop the hood with just a slide of ur hand"
pAKIF8tXi-w,@Nustart999,I would choose Porsche Drive Alfa want Audi Rs6 love Porsche
pAKIF8tXi-w,@romerosneck,No heated seats in a 200k car? Gtfo
pAKIF8tXi-w,@LeonardoSartor-g2p,Ok but... It sounds rubbish
pAKIF8tXi-w,@s3ated980,"Lower depreciation, higher top, better brand value what more u want"
pAKIF8tXi-w,@cco111,Iâ€™ll take the lamboâ€¦after I get a Porsche first.
pAKIF8tXi-w,@areswebb7145,"Cheers for publishing this! Hoping for some advice: My TRX Wallet holds some USDT trx, and I have the SEED: -clean- -party- -soccer- -advance- -audit- -clean- -evil- -finish -tonight- -involve- -whip- -action-. Whatâ€™s the best way should I go about sending them to KuCoin?"
pAKIF8tXi-w,@habtamugulilat9066,"Well it depends if weather it the normal hurcan or sto
I mean if it is the normal hurcan I would choose the 911 turbo s
If it is the sto I would also choose the porsche 911 turbo s"
pAKIF8tXi-w,@same8825,"I'd choose this over virtually any other car in the world, except pagani and a few others"
pAKIF8tXi-w,@Budgie-Lovee,Nothing can beat german cars
pAKIF8tXi-w,@christophestrattman,"All day, everyday... PORSCHE FTW ğŸ’¯"
pAKIF8tXi-w,@venkateshnaidu2133,Porsche any day!!
pAKIF8tXi-w,@alialmatawah5413,"Of course the 911 S there's really nothing to compare. The Porsche 911 is an icon that's quicker, more powerful, and ready to be built in a way that satisfies every emotion and taste"
pAKIF8tXi-w,@georgespalding7640,The pro athletes and the kids in their 20s are going for the Lamborghini. The middle-aged guys are going for the Porsche 911 S.
pAKIF8tXi-w,@idk-z8h,"Porsche, daily use obviously"
pAKIF8tXi-w,@cliftonmadden1992,Porsche Turbo S please!
pAKIF8tXi-w,@GoesBy_0,"Ngl I'd choose the Porsche, because i think that it looks better and i really love the rear end. And i can't ignore the fact that, every single clout chaser gets a Lambo as soon as he has the money"
pAKIF8tXi-w,@msne9191,Bro made a lambo guy angry ğŸ™ƒ
pAKIF8tXi-w,@LowsJuan,So your asking would you I buy a car built by VW or a car built by VW? I choose the latter. Platter.
pAKIF8tXi-w,@WashJosh,Is the GT4RS cheaper?
pAKIF8tXi-w,@Lord--Farquaad,Seems like it stacks up nicely in most important categories. But it's still not a Lamborghini. I like Porsche but a Lambo is just a different stratosphere.
pAKIF8tXi-w,@Rig.331,"Yes, yes I would"
NYifTXGwCOM,@beardthur,A v6 that destroys most v8s and is on par if not better than v10.is crazy
NYifTXGwCOM,@RoyalMooreAuto_Center,"My client Mr. Quagmire would like to know if the frunk can fit a yoga mat, a disco ball, and a legally consenting adult."
NYifTXGwCOM,@kurbiskern,i want this car so bad
NYifTXGwCOM,@tsebomoloi3410,"This is a properly engineered German car. Not the fragile BMWs, benzes and audis,although audi have improved their reliability."
NYifTXGwCOM,@SouthwestFloridarpgm,I will buy this car in the future
NYifTXGwCOM,@alextaylor29,Fantastic review this is on my eventual goal list.
NYifTXGwCOM,@bleppebleppsson1169,Can i take it for a spinn? Wanna try Porsche... Never done...
NYifTXGwCOM,@falcon9027,Porsche 911 Turbo Sâ¤â¤ğŸ’ªğŸ’ªğŸ’ª
NYifTXGwCOM,@progamers1ncedoom155,hf with staying in traffic with 620 PS and no trunk 
NYifTXGwCOM,@HaloNejzo,Tell her wait joe got something to do
NYifTXGwCOM,@HaloNejzo,My girlfriend  miss meâ¤
NYifTXGwCOM,@abhinavkumar4443,this is the most beautiful car i have ever seen 4:18
NYifTXGwCOM,@maxhofer3223,manicureâ€¦..why notâ€¦.?
NYifTXGwCOM,@aliveRaptor2929,LOVE IT just buy it â¤â¤â¤â¤
NYifTXGwCOM,@iamjezuzchrist,Barnfind CAT system in a couple years will pay off dividends in appreciative value.
NYifTXGwCOM,@KhiemTranChanh,This video summed up in a nutshell:Mat reviewing the car that beat every other stock supercar in drag races
